comparison,component,n_units,pct_agree_3flag,D_o_3flag,D_e_3flag,alpha_3flag,pct_agree_binary,D_o_binary,D_e_binary,alpha_binary,flags_mentee_adya,flags_mentee_rujuta,flags_llm_kimi
humans,threat_source,25,1.0,0.0,0.0,,1.0,0.0,0.0,,C=25 A=0 N=0,C=25 A=0 N=0,
humans,objective_or_harmful_outcome,25,0.84,0.16,0.3469387755102041,0.5388235294117647,0.88,0.12,0.1836734693877551,0.3466666666666667,C=19 A=2 N=4,C=21 A=3 N=1,
humans,capability,25,0.88,0.12,0.24571428571428572,0.5116279069767442,0.88,0.12,0.24571428571428572,0.5116279069767442,C=23 A=0 N=2,C=20 A=0 N=5,
humans,knowledge,25,0.4,0.6,0.5722448979591837,-0.04850213980028539,0.52,0.48,0.5028571428571429,0.045454545454545525,C=14 A=2 N=9,C=3 A=3 N=19,
humans,access,25,0.68,0.32,0.5787755102040816,0.4471086036671368,0.72,0.28,0.49714285714285716,0.4367816091954023,C=13 A=3 N=9,C=12 A=1 N=12,
humans,constraints_or_enabling_conditions,25,0.72,0.28,0.3730612244897959,0.24945295404813994,0.88,0.12,0.24571428571428572,0.5116279069767442,C=17 A=4 N=4,C=22 A=0 N=3,
humans,target_or_asset_at_risk,25,0.68,0.32,0.3730612244897959,0.14223194748358858,0.8,0.2,0.24571428571428572,0.18604651162790697,C=18 A=2 N=5,C=21 A=2 N=2,
adya_vs_llm,threat_source,25,1.0,0.0,0.0,,1.0,0.0,0.0,,C=25 A=0 N=0,,C=25 A=0 N=0
adya_vs_llm,objective_or_harmful_outcome,25,0.76,0.24,0.28408163265306124,0.15517241379310354,0.84,0.16,0.21551020408163266,0.25757575757575757,C=19 A=2 N=4,,C=23 A=0 N=2
adya_vs_llm,capability,25,0.92,0.08,0.21551020408163266,0.6287878787878788,0.92,0.08,0.21551020408163266,0.6287878787878788,C=23 A=0 N=2,,C=21 A=0 N=4
adya_vs_llm,knowledge,25,0.4,0.6,0.5191836734693878,-0.1556603773584906,0.44,0.56,0.4897959183673469,-0.14333333333333353,C=14 A=2 N=9,,C=4 A=0 N=21
adya_vs_llm,access,25,0.68,0.32,0.5608163265306122,0.42940320232896645,0.72,0.28,0.49714285714285716,0.4367816091954023,C=13 A=3 N=9,,C=13 A=0 N=12
adya_vs_llm,constraints_or_enabling_conditions,25,0.6,0.4,0.4220408163265306,0.05222437137330749,0.72,0.28,0.30122448979591837,0.07046070460704601,C=17 A=4 N=4,,C=20 A=0 N=5
adya_vs_llm,target_or_asset_at_risk,25,0.72,0.28,0.36489795918367346,0.23266219239373598,0.8,0.2,0.30122448979591837,0.3360433604336043,C=18 A=2 N=5,,C=21 A=0 N=4
rujuta_vs_llm,threat_source,25,1.0,0.0,0.0,,1.0,0.0,0.0,,,C=25 A=0 N=0,C=25 A=0 N=0
rujuta_vs_llm,objective_or_harmful_outcome,25,0.88,0.12,0.22285714285714286,0.46153846153846156,0.96,0.04,0.11510204081632654,0.6524822695035462,,C=21 A=3 N=1,C=23 A=0 N=2
rujuta_vs_llm,capability,25,0.96,0.04,0.30122448979591837,0.8672086720867209,0.96,0.04,0.30122448979591837,0.8672086720867209,,C=20 A=0 N=5,C=21 A=0 N=4
rujuta_vs_llm,knowledge,25,0.88,0.12,0.3436734693877551,0.6508313539192399,0.92,0.08,0.32653061224489793,0.755,,C=3 A=3 N=19,C=4 A=0 N=21
rujuta_vs_llm,access,25,0.92,0.08,0.529795918367347,0.8489984591679507,0.92,0.08,0.5093877551020408,0.842948717948718,,C=12 A=1 N=12,C=13 A=0 N=12
rujuta_vs_llm,constraints_or_enabling_conditions,25,0.84,0.16,0.2742857142857143,0.41666666666666663,0.84,0.16,0.2742857142857143,0.41666666666666663,,C=22 A=0 N=3,C=20 A=0 N=5
rujuta_vs_llm,target_or_asset_at_risk,25,0.88,0.12,0.28408163265306124,0.5775862068965518,0.92,0.08,0.21551020408163266,0.6287878787878788,,C=21 A=2 N=2,C=21 A=0 N=4
