comparison,component,n_units,pct_agree_3flag,alpha_3flag,pct_agree_binary,alpha_binary,flags_mentee_adya,flags_mentee_rujuta,note,flags_llm_kimi
humans,threat_source,25,1.0,,1.0,,C=25 A=0 N=0,C=25 A=0 N=0,"3flag: alpha n/a, every coder gave 'Clear' to every scenario (no variation); binary: alpha n/a, every coder gave 'specified' to every scenario (no variation)",
humans,objective_or_harmful_outcome,25,0.84,0.5388235294117647,0.88,0.3466666666666667,C=19 A=2 N=4,C=21 A=3 N=1,,
humans,capability,25,0.88,0.5116279069767442,0.88,0.5116279069767442,C=23 A=0 N=2,C=20 A=0 N=5,,
humans,knowledge,25,0.4,-0.04850213980028539,0.52,0.045454545454545414,C=14 A=2 N=9,C=3 A=3 N=19,,
humans,access,25,0.68,0.4471086036671368,0.72,0.4367816091954023,C=13 A=3 N=9,C=12 A=1 N=12,,
humans,constraints_or_enabling_conditions,25,0.72,0.24945295404814005,0.88,0.5116279069767442,C=17 A=4 N=4,C=22 A=0 N=3,,
humans,target_or_asset_at_risk,25,0.68,0.1422319474835887,0.8,0.18604651162790697,C=18 A=2 N=5,C=21 A=2 N=2,,
adya_vs_llm,threat_source,25,1.0,,1.0,,C=25 A=0 N=0,,"3flag: alpha n/a, every coder gave 'Clear' to every scenario (no variation); binary: alpha n/a, every coder gave 'specified' to every scenario (no variation)",C=25 A=0 N=0
adya_vs_llm,objective_or_harmful_outcome,25,0.76,0.15517241379310343,0.84,0.25757575757575757,C=19 A=2 N=4,,,C=23 A=0 N=2
adya_vs_llm,capability,25,0.92,0.6287878787878788,0.92,0.6287878787878788,C=23 A=0 N=2,,,C=21 A=0 N=4
adya_vs_llm,knowledge,25,0.4,-0.15566037735849036,0.44,-0.1433333333333333,C=14 A=2 N=9,,,C=4 A=0 N=21
adya_vs_llm,access,25,0.68,0.42940320232896656,0.72,0.4367816091954023,C=13 A=3 N=9,,,C=13 A=0 N=12
adya_vs_llm,constraints_or_enabling_conditions,25,0.6,0.05222437137330749,0.72,0.07046070460704612,C=17 A=4 N=4,,,C=20 A=0 N=5
adya_vs_llm,target_or_asset_at_risk,25,0.72,0.2326621923937361,0.8,0.3360433604336044,C=18 A=2 N=5,,,C=21 A=0 N=4
rujuta_vs_llm,threat_source,25,1.0,,1.0,,,C=25 A=0 N=0,"3flag: alpha n/a, every coder gave 'Clear' to every scenario (no variation); binary: alpha n/a, every coder gave 'specified' to every scenario (no variation)",C=25 A=0 N=0
rujuta_vs_llm,objective_or_harmful_outcome,25,0.88,0.46153846153846156,0.96,0.6524822695035462,,C=21 A=3 N=1,,C=23 A=0 N=2
rujuta_vs_llm,capability,25,0.96,0.8672086720867209,0.96,0.8672086720867209,,C=20 A=0 N=5,,C=21 A=0 N=4
rujuta_vs_llm,knowledge,25,0.88,0.6508313539192399,0.92,0.755,,C=3 A=3 N=19,,C=4 A=0 N=21
rujuta_vs_llm,access,25,0.92,0.8489984591679507,0.92,0.842948717948718,,C=12 A=1 N=12,,C=13 A=0 N=12
rujuta_vs_llm,constraints_or_enabling_conditions,25,0.84,0.41666666666666663,0.84,0.41666666666666663,,C=22 A=0 N=3,,C=20 A=0 N=5
rujuta_vs_llm,target_or_asset_at_risk,25,0.88,0.5775862068965517,0.92,0.6287878787878788,,C=21 A=2 N=2,,C=21 A=0 N=4
