comparison,component,n_units_3flag,pct_agree_3flag,alpha_3flag,n_units_binary,pct_agree_binary,alpha_binary,flags_mentee_adya,flags_mentee_rujuta,flags_llm_kimi
humans,threat_source,25,0.96,0.0,25,0.96,0.0,C=24 A=0 N=1,C=25 A=0 N=0,
humans,objective_or_harmful_outcome,25,0.84,0.5388235294117647,25,0.88,0.3466666666666667,C=19 A=2 N=4,C=21 A=3 N=1,
humans,capability,25,0.88,0.5116279069767442,25,0.88,0.5116279069767442,C=23 A=0 N=2,C=20 A=0 N=5,
humans,knowledge,25,0.28,-0.17443408788282277,25,0.4,-0.17599999999999993,C=15 A=4 N=6,C=3 A=3 N=19,
humans,access,25,0.64,0.39172413793103444,25,0.68,0.3466666666666667,C=13 A=4 N=8,C=12 A=1 N=12,
humans,constraints_or_enabling_conditions,25,0.72,0.24945295404814005,25,0.88,0.5116279069767442,C=17 A=4 N=4,C=22 A=0 N=3,
humans,target_or_asset_at_risk,25,0.68,0.1422319474835887,25,0.8,0.18604651162790697,C=18 A=2 N=5,C=21 A=2 N=2,
adya_vs_llm,threat_source,25,0.96,0.0,25,0.96,0.0,C=24 A=0 N=1,,C=25 A=0 N=0
adya_vs_llm,objective_or_harmful_outcome,25,0.76,0.15517241379310343,25,0.84,0.25757575757575757,C=19 A=2 N=4,,C=23 A=0 N=2
adya_vs_llm,capability,25,0.92,0.6287878787878788,25,0.92,0.6287878787878788,C=23 A=0 N=2,,C=21 A=0 N=4
adya_vs_llm,knowledge,25,0.28,-0.265423242467719,25,0.32,-0.3413848631239935,C=15 A=4 N=6,,C=4 A=0 N=21
adya_vs_llm,access,25,0.64,0.3735795454545454,25,0.68,0.3466666666666667,C=13 A=4 N=8,,C=13 A=0 N=12
adya_vs_llm,constraints_or_enabling_conditions,25,0.6,0.05222437137330749,25,0.72,0.07046070460704612,C=17 A=4 N=4,,C=20 A=0 N=5
adya_vs_llm,target_or_asset_at_risk,25,0.72,0.2326621923937361,25,0.8,0.3360433604336044,C=18 A=2 N=5,,C=21 A=0 N=4
rujuta_vs_llm,threat_source,25,1.0,,25,1.0,,,C=25 A=0 N=0,C=25 A=0 N=0
rujuta_vs_llm,objective_or_harmful_outcome,25,0.88,0.46153846153846156,25,0.96,0.6524822695035462,,C=21 A=3 N=1,C=23 A=0 N=2
rujuta_vs_llm,capability,25,0.96,0.8672086720867209,25,0.96,0.8672086720867209,,C=20 A=0 N=5,C=21 A=0 N=4
rujuta_vs_llm,knowledge,25,0.88,0.6508313539192399,25,0.92,0.755,,C=3 A=3 N=19,C=4 A=0 N=21
rujuta_vs_llm,access,25,0.92,0.8489984591679507,25,0.92,0.842948717948718,,C=12 A=1 N=12,C=13 A=0 N=12
rujuta_vs_llm,constraints_or_enabling_conditions,25,0.84,0.41666666666666663,25,0.84,0.41666666666666663,,C=22 A=0 N=3,C=20 A=0 N=5
rujuta_vs_llm,target_or_asset_at_risk,25,0.88,0.5775862068965517,25,0.92,0.6287878787878788,,C=21 A=2 N=2,C=21 A=0 N=4
